customer_id,order_count,total_quantity,total_spent,avg_order_time,favorite_category,region,avg_reorder_cycle_days
CUST_1,5,1,14753,1,피자,성동구,23
CUST_2,8,1,10600,1,야식,송파구,17
CUST_3,3,2,21042,22,피자,마포구,13
CUST_4,8,1,9553,23,피자,성동구,28
CUST_5,1,1,13534,0,야식,마포구,8
CUST_6,6,2,23510,22,치킨,송파구,24
CUST_7,8,1,13184,22,야식,송파구,7
CUST_8,8,2,24498,0,피자,용산구,19
CUST_9,3,1,13360,22,피자,성동구,24
CUST_10,9,2,23258,1,피자,용산구,9
CUST_11,8,1,9455,23,야식,마포구,13
CUST_12,7,1,14871,0,치킨,성동구,18
CUST_13,6,1,9841,0,야식,송파구,19
CUST_14,1,1,14379,1,치킨,용산구,16
CUST_15,5,1,11104,0,야식,송파구,7
CUST_16,7,1,9124,22,야식,강남구,15
CUST_17,10,2,20332,1,피자,성동구,19
CUST_18,8,2,29596,23,피자,마포구,15
CUST_19,10,1,9566,22,치킨,성동구,22
CUST_20,6,1,14599,0,치킨,송파구,14
CUST_21,8,2,27512,0,치킨,송파구,26
CUST_22,2,2,18466,22,피자,강남구,8
CUST_23,5,1,14187,22,야식,송파구,16
CUST_24,9,2,23968,22,피자,마포구,24
CUST_25,2,2,28270,1,야식,성동구,23
CUST_26,9,1,12900,23,야식,용산구,8
CUST_27,6,1,9947,22,야식,성동구,25
CUST_28,5,2,27944,22,치킨,송파구,21
CUST_29,3,1,13218,1,피자,용산구,16
CUST_30,4,1,10725,22,야식,강남구,12
CUST_31,10,1,10876,23,치킨,마포구,15
CUST_32,1,1,12596,23,야식,마포구,21
CUST_33,9,1,11557,0,치킨,송파구,19
CUST_34,8,2,23072,0,야식,용산구,30
CUST_35,8,2,18104,23,피자,강남구,14
CUST_36,6,2,24734,0,피자,용산구,7
CUST_37,3,2,24186,0,치킨,송파구,24
CUST_38,9,1,10482,22,치킨,송파구,10
CUST_39,7,1,13124,1,야식,성동구,12
CUST_40,3,2,25214,0,피자,용산구,15
CUST_41,4,1,13904,23,야식,송파구,7
CUST_42,10,2,28548,1,피자,용산구,25
CUST_43,7,1,12295,0,치킨,용산구,8
CUST_44,2,2,21794,0,피자,송파구,13
CUST_45,6,2,21368,1,피자,성동구,30
CUST_46,9,1,9921,1,피자,마포구,20
CUST_47,5,1,10261,0,피자,송파구,10
CUST_48,8,2,21850,1,치킨,성동구,28
CUST_49,1,2,29592,1,치킨,마포구,24
CUST_50,5,1,12082,22,야식,성동구,10
CUST_51,6,2,29904,22,치킨,성동구,18
CUST_52,5,2,27382,23,피자,송파구,9
CUST_53,10,1,13093,22,야식,송파구,10
CUST_54,7,2,21168,0,치킨,마포구,25
CUST_55,7,1,13004,23,피자,용산구,20
CUST_56,8,2,25802,1,야식,마포구,25
CUST_57,7,2,27158,1,치킨,강남구,13
CUST_58,5,1,12977,22,피자,성동구,9
CUST_59,9,2,21604,23,야식,강남구,24
CUST_60,7,2,20934,23,야식,용산구,11
CUST_61,10,1,13979,0,치킨,강남구,28
CUST_62,6,2,19882,22,피자,강남구,8
CUST_63,4,1,9671,22,치킨,성동구,10
CUST_64,1,2,26612,0,피자,마포구,16
CUST_65,5,1,12380,0,치킨,용산구,26
CUST_66,10,1,11142,22,치킨,성동구,7
CUST_67,9,1,14948,22,치킨,용산구,10
CUST_68,10,2,25540,23,피자,강남구,16
CUST_69,8,1,11806,23,야식,송파구,23
CUST_70,8,1,12124,1,야식,성동구,25
CUST_71,4,2,28916,23,피자,용산구,21
CUST_72,7,1,13784,1,치킨,강남구,8
CUST_73,3,1,12752,1,치킨,용산구,16
CUST_74,6,1,9468,1,치킨,성동구,19
CUST_75,5,2,20592,0,야식,마포구,26
CUST_76,6,1,14444,0,피자,마포구,28
CUST_77,8,1,10285,22,피자,용산구,7
CUST_78,6,1,14581,0,치킨,마포구,28
CUST_79,8,1,12821,23,야식,송파구,27
CUST_80,10,2,18074,0,치킨,용산구,23
CUST_81,9,2,26328,22,피자,성동구,27
CUST_82,1,2,19028,22,야식,성동구,17
CUST_83,6,2,21284,22,야식,성동구,19
CUST_84,4,2,21482,23,피자,용산구,15
CUST_85,3,2,18836,23,피자,용산구,13
CUST_86,8,2,24480,22,치킨,용산구,18
CUST_87,6,2,22322,0,야식,성동구,21
CUST_88,10,2,24308,23,야식,마포구,25
CUST_89,2,2,25250,22,야식,마포구,18
CUST_90,8,1,11253,1,야식,마포구,17
CUST_91,3,1,14872,1,야식,마포구,7
CUST_92,8,1,12626,22,피자,송파구,26
CUST_93,5,1,13580,23,야식,성동구,26
CUST_94,10,2,21718,0,피자,마포구,17
CUST_95,6,1,12612,1,치킨,마포구,24
CUST_96,1,2,26600,1,치킨,마포구,14
CUST_97,9,1,10627,22,야식,마포구,19
CUST_98,10,1,10528,22,야식,강남구,14
CUST_99,9,2,22962,22,피자,강남구,29
CUST_100,4,1,12888,23,피자,용산구,13
CUST_101,6,2,19430,22,치킨,강남구,30
CUST_102,5,1,10447,0,피자,강남구,17
CUST_103,7,1,10156,0,치킨,마포구,23
CUST_104,10,2,28348,1,치킨,용산구,13
CUST_105,8,2,24464,0,치킨,마포구,27
CUST_106,7,2,29332,23,피자,용산구,30
CUST_107,3,1,10789,1,치킨,용산구,13
CUST_108,2,2,22332,1,야식,마포구,26
CUST_109,10,1,14805,23,치킨,마포구,9
CUST_110,3,1,9173,23,치킨,용산구,20
CUST_111,2,2,26736,23,치킨,성동구,17
CUST_112,9,2,22898,23,치킨,마포구,25
CUST_113,8,2,27268,22,피자,송파구,23
CUST_114,7,1,9177,22,치킨,강남구,15
CUST_115,8,1,11633,0,피자,마포구,15
CUST_116,10,2,26652,23,야식,송파구,17
CUST_117,3,2,28954,22,치킨,용산구,8
CUST_118,7,2,18474,23,치킨,성동구,22
CUST_119,1,2,25706,1,피자,용산구,9
CUST_120,10,1,10310,23,야식,송파구,14
CUST_121,4,2,19554,0,야식,성동구,10
CUST_122,8,1,13030,1,치킨,마포구,18
CUST_123,2,2,29012,1,야식,송파구,14
CUST_124,8,2,26200,0,피자,강남구,17
CUST_125,10,1,13008,0,야식,강남구,8
CUST_126,6,2,28504,22,야식,강남구,7
CUST_127,8,2,18668,23,피자,강남구,21
CUST_128,5,1,13406,0,야식,용산구,23
CUST_129,4,2,26392,1,야식,강남구,14
CUST_130,4,2,25576,0,피자,용산구,17
CUST_131,1,2,29306,22,야식,마포구,15
CUST_132,3,1,12925,1,야식,성동구,8
CUST_133,2,1,10549,23,야식,용산구,24
CUST_134,7,1,14433,0,야식,마포구,14
CUST_135,8,1,12506,0,야식,성동구,17
CUST_136,5,2,22276,22,야식,강남구,24
CUST_137,4,2,27626,1,야식,강남구,13
CUST_138,6,1,12777,1,치킨,용산구,7
CUST_139,7,2,20530,0,야식,성동구,26
CUST_140,3,1,11962,22,치킨,송파구,27
CUST_141,10,1,13972,23,치킨,성동구,19
CUST_142,1,1,10793,22,피자,성동구,12
CUST_143,6,2,24546,0,치킨,마포구,7
CUST_144,10,1,12605,1,치킨,성동구,10
CUST_145,3,2,18984,0,피자,용산구,13
CUST_146,3,1,9962,22,치킨,성동구,18
CUST_147,6,1,13574,1,치킨,강남구,7
CUST_148,2,1,10642,22,피자,성동구,11
CUST_149,7,1,14675,22,야식,성동구,11
CUST_150,2,2,26656,1,치킨,강남구,25
CUST_151,5,1,11839,22,치킨,성동구,16
CUST_152,9,2,21562,23,야식,마포구,21
CUST_153,10,2,21350,22,피자,성동구,30
CUST_154,6,2,29742,0,치킨,마포구,14
CUST_155,2,1,12069,0,야식,성동구,12
CUST_156,4,1,14558,0,피자,성동구,11
CUST_157,10,2,20154,0,피자,마포구,10
CUST_158,6,2,21024,23,야식,마포구,27
CUST_159,9,2,26648,1,피자,강남구,17
CUST_160,1,1,10996,23,피자,성동구,10
CUST_161,10,2,29926,0,야식,마포구,16
CUST_162,2,2,24350,0,피자,마포구,7
CUST_163,9,2,26396,0,야식,마포구,25
CUST_164,6,1,14840,22,야식,강남구,23
CUST_165,5,1,14360,22,야식,마포구,20
CUST_166,4,2,18672,1,야식,마포구,7
CUST_167,6,2,27758,0,피자,마포구,18
CUST_168,6,1,12016,1,야식,성동구,23
CUST_169,3,1,13159,0,치킨,송파구,21
CUST_170,8,2,22914,0,피자,용산구,27
CUST_171,6,2,22448,0,피자,성동구,12
CUST_172,2,2,29600,1,피자,송파구,13
CUST_173,5,2,20430,0,야식,성동구,14
CUST_174,1,2,28086,0,피자,강남구,22
CUST_175,6,2,23422,22,치킨,성동구,16
CUST_176,7,2,27324,23,야식,용산구,15
CUST_177,7,1,12574,0,야식,송파구,13
CUST_178,8,2,24910,22,야식,강남구,11
CUST_179,4,2,27602,22,피자,마포구,7
CUST_180,8,2,25060,23,치킨,마포구,26
CUST_181,5,1,12076,1,야식,강남구,11
CUST_182,8,2,20416,23,치킨,용산구,18
CUST_183,6,1,11318,23,치킨,강남구,29
CUST_184,2,1,11263,1,야식,용산구,27
CUST_185,5,1,11776,22,치킨,마포구,17
CUST_186,6,1,11373,0,야식,마포구,26
CUST_187,3,2,25128,0,피자,강남구,20
CUST_188,6,1,10667,1,야식,용산구,29
CUST_189,1,2,26338,1,피자,성동구,26
CUST_190,10,1,11470,23,피자,강남구,7
CUST_191,1,2,29756,22,야식,마포구,13
CUST_192,6,2,19454,0,치킨,마포구,28
CUST_193,2,2,20598,1,피자,성동구,21
CUST_194,7,1,10827,23,야식,성동구,19
CUST_195,7,1,9561,1,치킨,강남구,23
CUST_196,1,2,28586,22,야식,강남구,8
CUST_197,4,2,27040,22,피자,성동구,9
CUST_198,4,1,12026,1,치킨,송파구,8
CUST_199,1,2,22670,22,치킨,강남구,26
CUST_200,4,1,14619,22,야식,송파구,25
CUST_201,10,1,13094,22,피자,강남구,12
CUST_202,9,1,13451,22,치킨,용산구,23
CUST_203,9,1,13584,1,치킨,성동구,13
CUST_204,8,2,22642,23,야식,성동구,10
CUST_205,7,2,25082,22,피자,송파구,30
CUST_206,9,1,9064,22,피자,송파구,16
CUST_207,5,1,10520,23,야식,송파구,30
CUST_208,8,2,22784,1,피자,마포구,11
CUST_209,5,2,23028,1,야식,강남구,15
CUST_210,3,1,14605,0,피자,용산구,26
CUST_211,8,2,21924,1,피자,성동구,27
CUST_212,9,1,14595,0,피자,용산구,21
CUST_213,10,2,27984,1,피자,송파구,16
CUST_214,2,2,28874,1,피자,마포구,15
CUST_215,10,1,13661,22,피자,마포구,14
CUST_216,7,2,23410,0,치킨,용산구,16
CUST_217,10,1,10605,22,야식,마포구,7
CUST_218,1,2,27556,1,치킨,성동구,25
CUST_219,7,2,27652,1,피자,용산구,20
CUST_220,9,1,9997,0,야식,송파구,11
CUST_221,3,1,10990,23,야식,마포구,19
CUST_222,3,2,20250,0,야식,강남구,14
CUST_223,8,1,10887,22,피자,성동구,15
CUST_224,2,2,29066,0,치킨,송파구,23
CUST_225,9,2,22928,1,피자,마포구,22
CUST_226,5,1,9421,23,야식,마포구,17
CUST_227,6,2,29246,23,야식,용산구,28
CUST_228,9,2,25542,22,피자,용산구,24
CUST_229,6,1,9443,1,야식,마포구,9
CUST_230,8,1,12240,22,야식,용산구,15
CUST_231,5,2,27856,22,야식,송파구,20
CUST_232,1,1,12824,23,치킨,마포구,20
CUST_233,6,2,25116,0,치킨,송파구,15
CUST_234,1,1,9346,23,피자,마포구,11
CUST_235,5,2,25258,22,치킨,용산구,29
CUST_236,1,2,20248,23,치킨,송파구,17
CUST_237,9,1,13682,1,치킨,마포구,28
CUST_238,7,1,11787,22,야식,마포구,27
CUST_239,6,1,10833,22,치킨,성동구,17
CUST_240,5,1,14127,0,치킨,송파구,12
CUST_241,7,2,24934,1,치킨,송파구,12
CUST_242,3,1,11286,1,피자,송파구,13
CUST_243,7,1,9012,22,야식,강남구,30
CUST_244,1,1,13022,0,야식,강남구,18
CUST_245,2,1,13940,23,치킨,성동구,15
CUST_246,5,2,28720,23,피자,성동구,20
CUST_247,3,1,11734,22,피자,용산구,7
CUST_248,10,1,11878,1,야식,성동구,20
CUST_249,4,1,11375,23,치킨,마포구,23
CUST_250,1,1,11556,22,치킨,용산구,22
CUST_251,4,2,20022,0,야식,강남구,20
CUST_252,3,1,13877,22,치킨,송파구,10
CUST_253,6,2,22710,1,피자,송파구,21
CUST_254,4,2,25322,22,치킨,송파구,8
CUST_255,10,1,9677,22,피자,송파구,21
CUST_256,3,1,9712,0,피자,용산구,20
CUST_257,1,2,24522,1,피자,송파구,14
CUST_258,7,2,19416,1,치킨,마포구,17
CUST_259,3,1,12428,0,야식,마포구,21
CUST_260,3,2,23542,22,피자,용산구,21
CUST_261,4,1,14525,1,치킨,용산구,27
CUST_262,8,1,10179,22,피자,마포구,10
CUST_263,7,1,11918,22,치킨,성동구,22
CUST_264,1,2,27486,23,치킨,마포구,21
CUST_265,2,1,10456,0,치킨,성동구,9
CUST_266,10,2,29274,23,피자,송파구,12
CUST_267,10,2,21074,23,치킨,송파구,29
CUST_268,6,1,14158,0,치킨,마포구,23
CUST_269,7,2,19340,1,피자,마포구,22
CUST_270,5,2,27530,23,치킨,송파구,11
CUST_271,3,1,9262,23,치킨,마포구,12
CUST_272,9,2,24754,0,피자,마포구,27
CUST_273,10,2,19808,1,야식,강남구,11
CUST_274,2,1,11495,23,야식,강남구,17
CUST_275,9,2,26918,23,야식,강남구,17
CUST_276,4,1,13970,22,치킨,송파구,16
CUST_277,4,2,29852,23,피자,송파구,20
CUST_278,6,1,9053,22,치킨,용산구,29
CUST_279,8,2,21170,23,피자,강남구,7
CUST_280,7,2,19958,1,야식,마포구,14
CUST_281,3,2,18540,23,피자,강남구,21
CUST_282,1,2,25222,22,치킨,강남구,12
CUST_283,4,1,13520,0,피자,송파구,27
CUST_284,8,2,19516,1,야식,성동구,18
CUST_285,7,1,12719,0,피자,성동구,21
CUST_286,10,1,11904,1,피자,강남구,22
CUST_287,10,1,14647,23,야식,송파구,7
CUST_288,6,1,9468,22,야식,마포구,25
CUST_289,9,2,27938,0,치킨,송파구,14
CUST_290,10,1,12998,0,야식,송파구,19
CUST_291,9,2,18456,0,피자,성동구,29
CUST_292,7,2,18706,1,피자,마포구,29
CUST_293,3,2,23814,22,야식,마포구,25
CUST_294,1,2,25652,22,치킨,용산구,19
CUST_295,5,1,13723,1,피자,용산구,12
CUST_296,6,2,26814,23,치킨,용산구,11
CUST_297,2,1,12687,1,야식,성동구,28
CUST_298,3,2,18426,23,치킨,용산구,30
CUST_299,7,1,13596,0,치킨,성동구,7
CUST_300,10,1,9216,0,야식,송파구,20
CUST_301,5,1,13829,22,치킨,성동구,7
CUST_302,8,1,14354,22,야식,강남구,8
CUST_303,7,1,13092,23,치킨,송파구,23
CUST_304,9,2,28948,0,치킨,용산구,21
CUST_305,2,2,18814,1,피자,마포구,28
CUST_306,7,2,20196,1,야식,성동구,11
CUST_307,6,1,13613,1,치킨,용산구,27
CUST_308,7,2,23012,23,야식,강남구,22
CUST_309,6,1,14207,22,피자,성동구,18
CUST_310,3,1,13856,1,피자,송파구,8
CUST_311,6,1,10676,22,피자,용산구,14
CUST_312,9,2,22624,23,야식,성동구,12
CUST_313,8,1,9399,0,피자,마포구,10
CUST_314,9,2,22352,22,피자,용산구,27
CUST_315,9,1,11974,1,피자,강남구,24
CUST_316,8,1,13014,22,치킨,마포구,23
CUST_317,8,2,26176,22,피자,성동구,14
CUST_318,9,2,28724,23,피자,마포구,13
CUST_319,7,1,12054,1,야식,성동구,25
CUST_320,3,2,20034,0,야식,마포구,11
CUST_321,4,1,14010,0,치킨,강남구,29
CUST_322,10,2,24976,0,피자,강남구,11
CUST_323,10,2,19832,23,피자,강남구,25
CUST_324,6,1,10727,0,피자,송파구,28
CUST_325,2,1,14137,23,치킨,송파구,24
CUST_326,6,1,9324,22,피자,용산구,23
CUST_327,4,2,24126,1,치킨,송파구,17
CUST_328,3,1,12469,23,피자,강남구,11
CUST_329,8,2,26992,0,야식,마포구,22
CUST_330,3,1,9931,0,야식,성동구,12
CUST_331,6,1,11378,22,피자,강남구,21
CUST_332,3,1,10044,22,치킨,성동구,14
CUST_333,8,2,28564,22,치킨,성동구,20
CUST_334,10,1,11001,23,피자,마포구,28
CUST_335,1,2,24118,1,야식,마포구,17
CUST_336,8,2,29874,23,피자,성동구,9
CUST_337,2,2,21338,23,피자,송파구,28
CUST_338,6,1,11472,23,피자,송파구,18
CUST_339,6,1,9562,0,치킨,용산구,18
CUST_340,3,1,12763,1,치킨,강남구,26
CUST_341,7,1,10540,1,피자,성동구,29
CUST_342,6,2,28544,1,피자,용산구,12
CUST_343,4,2,21228,0,야식,성동구,10
CUST_344,1,2,25546,23,피자,성동구,24
CUST_345,7,2,18270,1,피자,성동구,15
CUST_346,2,2,22358,23,치킨,강남구,29
CUST_347,3,1,11456,22,치킨,용산구,30
CUST_348,10,2,22266,22,야식,송파구,18
CUST_349,1,1,9939,1,피자,강남구,23
CUST_350,10,2,28014,0,치킨,강남구,13
CUST_351,8,1,12028,0,치킨,마포구,13
CUST_352,2,2,26236,1,야식,강남구,9
CUST_353,4,2,18614,23,피자,마포구,21
CUST_354,2,2,18870,22,피자,용산구,16
CUST_355,3,1,12148,23,야식,마포구,17
CUST_356,3,2,24818,22,피자,강남구,12
CUST_357,5,1,11799,23,치킨,용산구,26
CUST_358,4,1,10180,22,야식,성동구,16
CUST_359,8,2,19364,22,치킨,송파구,28
CUST_360,7,1,11262,0,피자,용산구,8
CUST_361,8,2,22246,1,야식,강남구,30
CUST_362,1,1,12417,22,야식,송파구,25
CUST_363,8,1,9421,1,야식,성동구,18
CUST_364,6,2,21110,23,치킨,송파구,9
CUST_365,1,1,10452,23,피자,송파구,12
CUST_366,6,1,12994,23,피자,용산구,9
CUST_367,6,1,13975,0,피자,용산구,15
CUST_368,6,1,13331,23,야식,마포구,10
CUST_369,4,1,14522,1,치킨,용산구,19
CUST_370,9,1,10150,1,피자,마포구,26
CUST_371,6,2,25062,22,치킨,성동구,10
CUST_372,6,1,14463,1,피자,용산구,24
CUST_373,6,1,14766,1,치킨,송파구,30
CUST_374,2,1,10394,0,피자,성동구,10
CUST_375,5,1,14328,23,야식,송파구,25
CUST_376,2,2,26252,23,야식,마포구,10
CUST_377,4,1,9688,22,피자,성동구,18
CUST_378,10,2,27456,1,야식,송파구,25
CUST_379,7,2,20758,23,치킨,마포구,11
CUST_380,1,1,10329,1,치킨,강남구,21
CUST_381,1,1,10246,23,피자,성동구,23
CUST_382,5,2,29498,1,야식,용산구,26
CUST_383,6,2,24606,22,야식,성동구,16
CUST_384,9,1,14660,0,야식,송파구,21
CUST_385,7,1,11025,0,치킨,용산구,28
CUST_386,5,1,12410,22,피자,마포구,29
CUST_387,4,1,11567,0,야식,송파구,30
CUST_388,2,1,9779,23,치킨,송파구,8
CUST_389,4,2,20250,23,야식,강남구,18
CUST_390,5,1,10931,1,피자,송파구,24
CUST_391,3,1,14957,22,피자,송파구,30
CUST_392,3,2,24464,1,야식,용산구,22
CUST_393,1,1,10295,1,치킨,송파구,17
CUST_394,4,2,20602,1,치킨,성동구,20
CUST_395,8,1,12671,1,피자,용산구,7
CUST_396,4,1,14071,22,피자,성동구,24
CUST_397,7,2,29604,1,피자,용산구,16
CUST_398,3,2,25974,0,치킨,강남구,8
CUST_399,5,2,20924,0,피자,강남구,7
CUST_400,1,1,14725,0,치킨,마포구,9
CUST_401,3,2,23916,13,한식,마포구,21
CUST_402,3,2,18264,12,한식,용산구,18
CUST_403,9,1,9789,11,중식,성동구,28
CUST_404,7,1,9988,13,한식,송파구,25
CUST_405,3,2,21728,13,분식,송파구,24
CUST_406,9,1,11297,13,분식,송파구,23
CUST_407,7,1,11718,12,분식,송파구,28
CUST_408,8,1,11182,11,분식,성동구,27
CUST_409,1,1,9958,13,중식,마포구,12
CUST_410,8,1,9442,12,분식,송파구,9
CUST_411,4,2,20740,12,분식,강남구,9
CUST_412,10,2,21584,12,분식,성동구,12
CUST_413,4,1,10665,13,분식,마포구,14
CUST_414,1,2,21896,11,중식,마포구,7
CUST_415,8,1,10030,13,중식,마포구,7
CUST_416,5,2,20638,13,분식,성동구,26
CUST_417,6,2,17620,11,분식,용산구,19
CUST_418,7,2,21770,11,분식,송파구,9
CUST_419,6,1,11325,11,한식,성동구,18
CUST_420,5,2,20524,12,한식,마포구,15
CUST_421,6,1,8667,11,분식,성동구,17
CUST_422,4,1,8803,13,중식,강남구,30
CUST_423,5,1,9437,11,중식,강남구,25
CUST_424,6,1,10701,13,중식,강남구,30
CUST_425,10,1,8106,12,분식,용산구,22
CUST_426,4,2,16878,13,중식,용산구,14
CUST_427,10,2,22014,13,중식,강남구,17
CUST_428,2,1,9031,11,분식,용산구,14
CUST_429,4,1,8576,11,중식,마포구,11
CUST_430,9,2,22908,13,중식,용산구,8
CUST_431,3,1,11618,11,분식,송파구,27
CUST_432,9,1,8573,12,분식,강남구,21
CUST_433,5,1,9447,12,한식,용산구,30
CUST_434,3,2,23186,11,분식,강남구,9
CUST_435,6,2,22136,12,한식,성동구,20
CUST_436,4,2,23300,11,한식,강남구,9
CUST_437,2,1,8977,13,중식,강남구,24
CUST_438,4,2,17326,13,분식,강남구,20
CUST_439,10,2,22400,12,분식,마포구,28
CUST_440,9,1,8962,11,한식,강남구,23
CUST_441,7,1,10887,11,한식,마포구,24
CUST_442,1,1,10775,12,중식,강남구,11
CUST_443,2,1,9247,13,한식,마포구,7
CUST_444,1,1,9833,12,분식,송파구,23
CUST_445,7,2,16512,13,중식,성동구,22
CUST_446,4,2,21254,11,분식,송파구,9
CUST_447,1,2,23060,13,중식,송파구,28
CUST_448,4,1,9147,12,한식,마포구,28
CUST_449,4,2,17744,11,중식,마포구,16
CUST_450,7,1,8177,12,한식,마포구,9
CUST_451,7,1,9205,12,한식,강남구,9
CUST_452,4,2,16904,13,한식,강남구,14
CUST_453,8,2,18734,12,중식,성동구,16
CUST_454,8,1,10952,13,한식,송파구,28
CUST_455,4,1,10781,11,분식,성동구,18
CUST_456,2,2,17068,13,중식,용산구,19
CUST_457,9,2,21858,11,한식,용산구,22
CUST_458,8,2,22024,13,중식,마포구,9
CUST_459,2,2,19806,12,한식,송파구,13
CUST_460,10,1,10183,13,분식,송파구,26
CUST_461,5,1,8170,13,중식,성동구,22
CUST_462,6,1,9126,11,한식,강남구,25
CUST_463,9,2,18798,12,중식,용산구,23
CUST_464,4,2,22784,13,한식,마포구,10
CUST_465,10,1,10042,12,분식,용산구,16
CUST_466,2,1,9015,13,분식,마포구,22
CUST_467,4,2,21076,13,중식,성동구,10
CUST_468,7,2,17952,12,분식,송파구,8
CUST_469,5,2,22776,13,중식,성동구,13
CUST_470,2,1,9835,12,한식,성동구,17
CUST_471,7,1,11863,13,중식,송파구,23
CUST_472,8,2,23342,11,중식,강남구,11
CUST_473,2,2,23892,12,한식,마포구,13
CUST_474,1,2,17522,13,중식,마포구,18
CUST_475,6,2,21888,13,분식,송파구,28
CUST_476,1,2,18312,11,중식,용산구,23
CUST_477,8,2,19734,12,분식,성동구,23
CUST_478,3,1,10639,13,분식,강남구,8
CUST_479,3,1,9865,11,분식,강남구,15
CUST_480,2,2,20050,13,한식,강남구,12
CUST_481,8,2,16864,12,중식,마포구,28
CUST_482,5,1,11655,13,중식,강남구,7
CUST_483,7,2,20520,13,분식,용산구,22
CUST_484,5,2,18106,13,한식,송파구,20
CUST_485,8,2,18462,13,한식,강남구,29
CUST_486,2,2,19850,11,중식,강남구,7
CUST_487,1,2,19818,11,한식,송파구,14
CUST_488,1,2,19794,12,한식,마포구,28
CUST_489,1,1,11218,11,중식,용산구,14
CUST_490,7,2,22882,11,한식,용산구,23
CUST_491,5,2,21384,12,분식,성동구,28
CUST_492,1,1,10617,11,한식,마포구,14
CUST_493,8,1,11288,11,분식,용산구,26
CUST_494,7,1,9069,12,분식,성동구,12
CUST_495,5,2,16182,12,중식,성동구,10
CUST_496,2,1,8242,12,한식,성동구,20
CUST_497,4,1,8556,13,중식,강남구,15
CUST_498,6,2,22680,13,중식,강남구,23
CUST_499,6,1,9899,12,한식,성동구,9
CUST_500,4,1,8088,12,중식,마포구,14
CUST_501,3,2,17620,12,중식,마포구,19
CUST_502,1,2,18424,13,분식,마포구,13
CUST_503,2,1,9291,13,중식,송파구,13
CUST_504,6,1,11365,11,한식,마포구,10
CUST_505,10,1,8465,11,분식,강남구,27
CUST_506,1,1,9553,12,한식,용산구,10
CUST_507,10,2,21320,13,한식,송파구,8
CUST_508,3,2,23136,13,한식,송파구,9
CUST_509,3,2,18168,13,분식,용산구,21
CUST_510,6,1,11064,12,분식,송파구,24
CUST_511,7,1,9294,11,중식,강남구,10
CUST_512,6,1,11945,12,중식,성동구,25
CUST_513,3,2,18212,11,분식,용산구,29
CUST_514,6,2,22970,11,한식,마포구,13
CUST_515,3,2,20384,12,중식,용산구,23
CUST_516,9,2,16490,11,한식,강남구,15
CUST_517,1,2,23924,11,분식,송파구,13
CUST_518,9,1,9422,13,한식,마포구,25
CUST_519,1,2,20186,11,한식,송파구,28
CUST_520,3,2,23174,12,분식,성동구,23
CUST_521,8,2,16228,12,한식,마포구,8
CUST_522,8,1,10399,11,중식,송파구,18
CUST_523,3,2,23470,13,중식,마포구,12
CUST_524,8,2,20032,13,중식,용산구,15
CUST_525,7,2,20632,11,중식,마포구,25
CUST_526,7,1,9253,11,한식,마포구,8
CUST_527,7,2,16070,12,한식,성동구,24
CUST_528,5,1,9598,11,분식,성동구,20
CUST_529,6,2,18982,13,한식,송파구,22
CUST_530,9,1,11216,11,중식,마포구,27
CUST_531,10,2,16168,12,중식,강남구,11
CUST_532,5,1,11628,12,한식,강남구,21
CUST_533,6,2,18074,12,한식,송파구,26
CUST_534,7,1,8379,12,중식,강남구,25
CUST_535,5,1,8578,12,분식,용산구,7
CUST_536,3,1,9626,11,중식,마포구,28
CUST_537,4,2,18430,11,한식,강남구,28
CUST_538,3,1,8891,11,중식,마포구,8
CUST_539,10,1,11070,11,분식,마포구,14
CUST_540,5,2,23762,12,분식,송파구,21
CUST_541,4,2,17272,13,분식,용산구,9
CUST_542,7,2,20668,11,중식,마포구,17
CUST_543,10,2,21826,13,중식,마포구,21
CUST_544,8,1,8709,11,분식,송파구,30
CUST_545,5,2,21812,11,한식,송파구,21
CUST_546,4,1,10167,13,분식,송파구,11
CUST_547,1,2,23390,12,분식,송파구,13
CUST_548,3,1,9614,11,분식,용산구,19
CUST_549,5,2,19346,11,한식,강남구,28
CUST_550,7,1,9139,11,중식,마포구,28
CUST_551,3,1,8330,13,중식,성동구,19
CUST_552,2,1,11919,12,한식,강남구,18
CUST_553,3,1,10897,13,한식,성동구,29
CUST_554,8,1,8155,13,분식,마포구,28
CUST_555,6,2,20814,12,분식,송파구,23
CUST_556,7,1,9811,13,분식,용산구,22
CUST_557,10,1,8844,12,중식,송파구,17
CUST_558,4,2,17776,11,분식,용산구,13
CUST_559,8,1,10930,12,분식,성동구,13
CUST_560,10,2,22304,11,분식,송파구,9
CUST_561,1,1,8168,13,중식,송파구,19
CUST_562,3,2,19612,13,한식,강남구,15
CUST_563,9,2,23812,11,한식,용산구,25
CUST_564,6,2,23956,13,분식,송파구,22
CUST_565,6,2,23394,12,한식,용산구,14
CUST_566,3,1,9458,11,한식,강남구,24
CUST_567,9,1,8268,13,분식,용산구,14
CUST_568,8,2,16422,11,한식,성동구,13
CUST_569,4,2,19680,12,한식,강남구,11
CUST_570,5,2,17578,12,분식,강남구,30
CUST_571,3,2,16422,13,중식,용산구,28
CUST_572,3,1,10152,12,중식,용산구,24
CUST_573,10,1,8001,11,분식,강남구,22
CUST_574,9,1,8112,12,한식,용산구,9
CUST_575,10,1,10139,11,한식,마포구,18
CUST_576,6,1,10442,11,한식,성동구,20
CUST_577,4,1,8960,12,한식,강남구,17
CUST_578,6,2,23750,13,분식,강남구,21
CUST_579,10,2,22468,12,중식,강남구,13
CUST_580,9,1,8056,11,한식,성동구,24
CUST_581,1,2,23074,11,한식,성동구,16
CUST_582,1,2,18754,12,한식,송파구,30
CUST_583,4,1,11878,13,중식,강남구,8
CUST_584,6,2,20042,13,중식,성동구,29
CUST_585,9,2,18790,11,중식,마포구,7
CUST_586,2,2,20710,11,분식,마포구,17
CUST_587,8,2,21066,13,한식,송파구,14
CUST_588,5,2,21094,12,중식,용산구,11
CUST_589,7,1,10054,11,중식,마포구,10
CUST_590,3,1,9179,11,분식,강남구,16
CUST_591,6,2,22270,13,한식,강남구,28
CUST_592,7,2,23426,12,분식,송파구,10
CUST_593,4,2,18136,13,중식,마포구,26
CUST_594,7,2,16872,12,한식,용산구,21
CUST_595,9,1,9808,12,중식,성동구,28
CUST_596,9,2,20616,12,분식,마포구,24
CUST_597,10,2,18216,11,중식,강남구,9
CUST_598,7,2,21288,13,한식,용산구,27
CUST_599,2,2,18372,13,한식,성동구,21
CUST_600,10,1,10675,12,분식,용산구,24
CUST_601,8,2,17774,11,분식,용산구,8
CUST_602,10,1,9141,11,한식,송파구,10
CUST_603,10,2,18918,13,중식,성동구,11
CUST_604,8,1,11835,11,중식,성동구,7
CUST_605,5,2,16022,11,중식,강남구,22
CUST_606,6,1,9593,12,분식,강남구,23
CUST_607,10,2,19226,11,중식,송파구,20
CUST_608,1,1,11100,12,분식,송파구,28
CUST_609,4,1,9923,13,분식,마포구,22
CUST_610,7,1,9491,11,한식,용산구,12
CUST_611,4,1,11492,13,한식,강남구,7
CUST_612,9,2,19750,13,분식,성동구,18
CUST_613,4,1,9504,11,분식,송파구,29
CUST_614,7,1,9394,11,중식,용산구,7
CUST_615,6,1,11585,13,한식,용산구,24
CUST_616,10,2,21352,11,한식,강남구,29
CUST_617,5,1,8828,12,한식,강남구,14
CUST_618,4,2,18770,12,분식,송파구,25
CUST_619,9,2,19552,11,분식,마포구,26
CUST_620,8,2,23092,13,분식,강남구,30
CUST_621,1,1,9745,11,중식,강남구,22
CUST_622,5,2,16812,11,중식,송파구,14
CUST_623,5,1,8208,13,중식,성동구,9
CUST_624,5,2,18530,13,분식,송파구,19
CUST_625,7,2,16674,12,분식,송파구,23
CUST_626,3,2,19576,13,분식,강남구,18
CUST_627,5,2,22552,12,중식,강남구,30
CUST_628,6,2,23964,13,중식,성동구,20
CUST_629,3,1,10144,11,중식,마포구,24
CUST_630,2,2,18518,12,분식,마포구,12
CUST_631,4,2,23228,12,중식,강남구,15
CUST_632,7,2,17418,12,한식,송파구,29
CUST_633,3,1,8336,11,중식,송파구,13
CUST_634,10,1,10360,11,분식,성동구,12
CUST_635,1,2,20612,11,한식,강남구,21
CUST_636,3,1,8866,11,분식,강남구,16
CUST_637,9,2,23766,11,분식,마포구,18
CUST_638,8,2,23566,12,중식,강남구,18
CUST_639,8,2,16904,11,분식,용산구,19
CUST_640,7,2,18584,12,한식,성동구,25
CUST_641,2,1,11653,11,한식,용산구,28
CUST_642,8,2,19034,13,분식,용산구,22
CUST_643,7,2,22158,12,분식,마포구,22
CUST_644,7,2,19152,13,분식,마포구,22
CUST_645,6,1,10302,12,중식,송파구,7
CUST_646,3,2,22962,13,분식,성동구,20
CUST_647,6,2,23212,11,중식,송파구,9
CUST_648,5,2,16508,11,중식,성동구,26
CUST_649,3,2,20334,11,분식,성동구,24
CUST_650,8,2,17176,12,분식,마포구,16
CUST_651,3,2,17160,13,분식,강남구,20
CUST_652,1,2,21670,11,한식,용산구,26
CUST_653,4,2,22418,13,한식,성동구,20
CUST_654,1,2,16284,13,분식,용산구,22
CUST_655,7,2,19398,11,한식,송파구,25
CUST_656,2,1,8664,11,한식,마포구,14
CUST_657,9,1,8364,13,한식,송파구,25
CUST_658,1,1,11361,11,한식,강남구,10
CUST_659,1,2,21476,11,한식,용산구,18
CUST_660,9,2,18810,11,중식,용산구,17
CUST_661,5,1,10852,12,중식,마포구,11
CUST_662,6,2,16854,13,분식,강남구,15
CUST_663,8,2,20984,13,한식,마포구,18
CUST_664,2,1,9299,12,중식,용산구,25
CUST_665,9,1,10663,13,분식,용산구,29
CUST_666,6,1,9344,11,한식,용산구,20
CUST_667,4,2,23972,13,분식,송파구,24
CUST_668,9,2,21820,11,분식,용산구,28
CUST_669,9,1,9900,12,중식,송파구,17
CUST_670,1,2,23404,11,분식,강남구,26
CUST_671,7,1,11174,13,분식,송파구,15
CUST_672,8,2,21192,13,중식,용산구,29
CUST_673,9,1,9611,13,한식,마포구,11
CUST_674,2,2,22852,12,중식,용산구,25
CUST_675,8,1,9778,12,중식,성동구,30
CUST_676,1,1,8370,13,분식,송파구,27
CUST_677,1,1,10485,11,중식,성동구,17
CUST_678,1,1,11427,12,분식,송파구,24
CUST_679,2,2,17300,13,분식,송파구,10
CUST_680,1,1,10343,13,중식,마포구,18
CUST_681,5,2,17404,12,분식,마포구,20
CUST_682,1,1,8616,12,분식,강남구,19
CUST_683,4,2,19342,12,중식,송파구,26
CUST_684,9,2,16298,11,한식,송파구,16
CUST_685,3,1,9569,11,한식,마포구,14
CUST_686,5,1,11909,13,분식,강남구,14
CUST_687,6,2,18570,12,한식,성동구,23
CUST_688,5,1,10754,11,중식,송파구,8
CUST_689,5,2,20334,12,한식,송파구,18
CUST_690,6,2,18292,13,한식,강남구,30
CUST_691,4,1,11020,11,분식,송파구,23
CUST_692,3,2,16200,11,한식,마포구,15
CUST_693,4,2,23600,11,한식,강남구,7
CUST_694,8,1,9917,13,분식,강남구,28
CUST_695,6,1,8965,12,분식,송파구,11
CUST_696,4,2,21156,11,중식,용산구,20
CUST_697,8,2,18106,13,중식,용산구,9
CUST_698,6,1,9817,12,중식,용산구,14
CUST_699,9,2,18538,13,중식,강남구,16
CUST_700,7,1,8736,12,중식,용산구,20
CUST_701,4,2,23300,13,한식,성동구,13
CUST_702,5,1,10487,12,분식,송파구,21
CUST_703,3,1,11408,11,분식,강남구,18
CUST_704,5,1,8850,12,한식,송파구,27
CUST_705,3,1,9788,13,한식,용산구,26
CUST_706,3,2,20130,13,분식,마포구,21
CUST_707,10,1,8881,12,중식,강남구,11
CUST_708,8,1,8905,11,분식,강남구,29
CUST_709,8,1,8606,11,분식,마포구,26
CUST_710,8,2,18580,12,한식,강남구,16
CUST_711,2,1,11234,12,한식,용산구,28
CUST_712,7,1,8137,13,한식,마포구,26
CUST_713,5,1,8015,11,한식,마포구,13
CUST_714,4,2,23180,12,중식,용산구,15
CUST_715,3,2,17722,11,중식,성동구,20
CUST_716,3,1,9035,12,분식,송파구,29
CUST_717,1,1,10586,12,분식,용산구,27
CUST_718,8,1,11767,11,한식,용산구,29
CUST_719,3,1,9307,12,분식,용산구,23
CUST_720,9,2,23550,12,한식,마포구,28
CUST_721,10,1,8230,13,중식,송파구,13
CUST_722,1,2,17786,12,분식,강남구,8
CUST_723,1,1,11684,12,분식,용산구,13
CUST_724,9,1,9401,12,분식,용산구,27
CUST_725,6,2,23246,13,중식,마포구,19
CUST_726,8,2,16986,11,중식,송파구,24
CUST_727,8,2,23896,13,분식,강남구,14
CUST_728,7,2,22580,13,중식,송파구,14
CUST_729,7,2,22716,11,한식,마포구,27
CUST_730,9,2,23008,13,분식,마포구,9
CUST_731,7,2,22132,11,중식,송파구,17
CUST_732,8,2,18560,13,한식,송파구,17
CUST_733,8,2,16886,11,한식,용산구,25
CUST_734,10,2,18940,12,분식,마포구,25
CUST_735,7,2,22464,13,중식,강남구,8
CUST_736,4,1,10889,13,분식,용산구,30
CUST_737,10,1,8746,13,중식,용산구,30
CUST_738,3,2,21220,13,중식,강남구,7
CUST_739,3,1,8753,12,분식,마포구,9
CUST_740,6,2,18772,13,분식,용산구,25
CUST_741,4,2,22874,12,분식,용산구,27
CUST_742,7,1,9985,12,한식,용산구,8
CUST_743,3,1,9166,12,중식,용산구,16
CUST_744,10,1,8757,12,한식,용산구,8
CUST_745,8,1,8903,11,분식,송파구,12
CUST_746,1,1,8499,11,분식,성동구,13
CUST_747,4,1,9275,13,중식,성동구,11
CUST_748,2,2,16268,11,한식,마포구,25
CUST_749,5,1,10281,11,중식,강남구,21
CUST_750,10,2,17622,13,중식,강남구,24
CUST_751,5,1,10700,13,중식,용산구,19
CUST_752,8,1,8206,13,중식,성동구,11
CUST_753,7,2,19270,11,중식,용산구,19
CUST_754,9,2,21634,11,분식,송파구,20
CUST_755,10,1,10785,13,분식,마포구,13
CUST_756,3,2,20140,12,분식,마포구,30
CUST_757,10,2,18746,13,한식,송파구,17
CUST_758,10,2,17352,12,분식,용산구,12
CUST_759,3,2,20632,12,중식,송파구,11
CUST_760,3,2,22016,13,중식,용산구,14
CUST_761,7,2,21880,13,분식,성동구,29
CUST_762,1,1,9939,13,분식,마포구,21
CUST_763,4,1,11198,11,한식,마포구,27
CUST_764,7,2,19408,12,중식,강남구,8
CUST_765,5,1,11839,11,중식,성동구,30
CUST_766,9,2,16712,11,분식,강남구,19
CUST_767,9,2,17382,13,분식,성동구,19
CUST_768,10,2,23722,11,분식,송파구,15
CUST_769,1,2,23286,13,중식,송파구,28
CUST_770,9,2,16682,12,분식,용산구,26
CUST_771,2,2,19416,13,분식,송파구,28
CUST_772,9,2,16384,11,중식,성동구,14
CUST_773,2,1,11558,11,분식,성동구,14
CUST_774,7,1,8496,13,분식,성동구,30
CUST_775,7,2,19840,13,한식,성동구,9
CUST_776,8,1,10023,11,한식,성동구,14
CUST_777,3,1,8372,12,분식,송파구,7
CUST_778,2,2,17760,12,한식,성동구,18
CUST_779,3,1,8024,13,한식,송파구,25
CUST_780,4,2,17244,12,한식,강남구,13
CUST_781,4,2,21218,11,한식,강남구,16
CUST_782,3,1,8325,13,한식,용산구,8
CUST_783,9,1,8500,11,한식,성동구,20
CUST_784,2,1,8143,11,중식,송파구,26
CUST_785,4,1,11676,12,중식,강남구,28
CUST_786,6,2,21206,13,중식,용산구,25
CUST_787,1,1,8031,13,분식,강남구,27
CUST_788,8,1,11896,12,분식,용산구,17
CUST_789,5,1,11846,11,한식,마포구,23
CUST_790,9,2,17790,11,한식,용산구,10
CUST_791,5,1,9280,11,중식,용산구,16
CUST_792,8,1,8465,11,중식,강남구,29
CUST_793,3,2,16088,13,분식,용산구,11
CUST_794,1,1,11711,13,분식,마포구,8
CUST_795,9,1,10690,12,한식,강남구,24
CUST_796,10,1,9159,12,분식,강남구,12
CUST_797,7,1,8463,13,한식,강남구,7
CUST_798,5,1,8728,13,중식,강남구,24
CUST_799,6,1,10798,11,한식,송파구,29
CUST_800,6,2,17312,11,중식,송파구,27
CUST_801,4,3,47169,18,한식,강남구,10
CUST_802,6,4,78480,19,치킨,마포구,12
CUST_803,8,3,54492,18,족발/보쌈,강남구,10
CUST_804,9,4,74612,19,한식,강남구,10
CUST_805,9,4,86036,17,치킨,용산구,30
CUST_806,3,5,75285,18,족발/보쌈,마포구,10
CUST_807,7,3,57462,18,중식,마포구,12
CUST_808,1,4,67660,19,치킨,송파구,12
CUST_809,5,5,98485,17,한식,강남구,22
CUST_810,1,3,60744,18,중식,마포구,28
CUST_811,4,4,85948,17,한식,강남구,26
CUST_812,6,3,46488,18,중식,강남구,21
CUST_813,9,4,60084,17,중식,마포구,23
CUST_814,5,3,58461,19,중식,용산구,22
CUST_815,8,3,50718,18,치킨,성동구,15
CUST_816,8,4,79984,18,치킨,강남구,30
CUST_817,4,5,101830,17,한식,강남구,27
CUST_818,5,4,68932,17,치킨,강남구,17
CUST_819,1,4,70736,18,족발/보쌈,강남구,22
CUST_820,8,4,65472,19,족발/보쌈,성동구,21
CUST_821,9,5,80630,17,족발/보쌈,송파구,25
CUST_822,9,3,65808,17,한식,송파구,11
CUST_823,2,4,63536,17,한식,송파구,9
CUST_824,7,4,60904,18,족발/보쌈,송파구,19
CUST_825,10,3,60186,18,한식,강남구,18
CUST_826,1,3,52440,18,한식,용산구,17
CUST_827,8,3,61572,18,한식,마포구,22
CUST_828,8,5,78630,19,한식,강남구,28
CUST_829,6,4,77716,19,치킨,용산구,25
CUST_830,7,5,97775,18,치킨,송파구,27
CUST_831,5,3,64302,19,한식,강남구,21
CUST_832,5,4,80796,17,한식,성동구,28
CUST_833,9,3,58329,17,한식,강남구,25
CUST_834,5,3,47451,17,한식,마포구,29
CUST_835,7,4,86072,18,치킨,용산구,21
CUST_836,6,3,59361,17,치킨,송파구,15
CUST_837,2,5,76185,19,치킨,용산구,8
CUST_838,7,3,56055,18,족발/보쌈,마포구,17
CUST_839,1,4,75292,19,한식,송파구,11
CUST_840,5,5,75170,17,족발/보쌈,마포구,14
CUST_841,3,4,76540,17,중식,용산구,21
CUST_842,3,4,66212,17,족발/보쌈,강남구,26
CUST_843,3,5,99085,18,중식,성동구,15
CUST_844,9,3,53865,19,치킨,용산구,12
CUST_845,10,3,60222,18,치킨,송파구,13
CUST_846,1,5,94355,18,중식,송파구,29
CUST_847,10,3,65043,17,중식,송파구,25
CUST_848,4,5,92350,18,치킨,성동구,23
CUST_849,9,4,69376,18,중식,마포구,15
CUST_850,4,5,93630,17,족발/보쌈,성동구,24
CUST_851,7,4,83684,18,족발/보쌈,마포구,11
CUST_852,9,5,78170,17,족발/보쌈,성동구,20
CUST_853,3,4,65440,17,치킨,용산구,14
CUST_854,4,3,65406,17,중식,마포구,7
CUST_855,1,5,81470,17,치킨,강남구,20
CUST_856,5,3,51039,18,치킨,강남구,10
CUST_857,2,5,80455,17,중식,마포구,19
CUST_858,6,4,82576,17,족발/보쌈,송파구,20
CUST_859,9,4,65612,18,족발/보쌈,성동구,20
CUST_860,6,3,49791,18,족발/보쌈,용산구,8
CUST_861,6,4,68724,19,중식,마포구,29
CUST_862,5,5,101720,18,한식,송파구,15
CUST_863,2,3,47064,18,중식,강남구,21
CUST_864,5,4,78868,19,중식,마포구,25
CUST_865,5,4,81020,18,중식,송파구,9
CUST_866,5,3,60369,18,중식,용산구,14
CUST_867,3,4,62444,18,한식,성동구,10
CUST_868,8,4,68948,18,한식,성동구,12
CUST_869,5,5,90865,19,중식,송파구,25
CUST_870,8,3,51222,18,치킨,송파구,17
CUST_871,10,5,100465,18,족발/보쌈,성동구,22
CUST_872,2,5,98340,19,중식,마포구,14
CUST_873,6,3,56418,17,한식,강남구,15
CUST_874,9,5,78080,19,중식,송파구,15
CUST_875,4,5,82265,17,치킨,강남구,17
CUST_876,5,5,82025,19,치킨,마포구,30
CUST_877,9,3,45630,19,족발/보쌈,강남구,11
CUST_878,4,4,69824,18,중식,용산구,24
CUST_879,4,3,52581,17,치킨,강남구,27
CUST_880,7,4,80704,18,한식,강남구,20
CUST_881,10,5,105450,17,치킨,용산구,10
CUST_882,10,4,86508,19,한식,용산구,14
CUST_883,2,4,79892,19,치킨,송파구,9
CUST_884,1,5,103670,17,치킨,용산구,17
CUST_885,5,4,62540,18,한식,용산구,9
CUST_886,2,5,75365,18,중식,강남구,12
CUST_887,4,3,48408,18,중식,강남구,20
CUST_888,1,3,51249,18,한식,송파구,22
CUST_889,10,5,108230,19,족발/보쌈,성동구,20
CUST_890,2,5,80470,19,족발/보쌈,송파구,8
CUST_891,10,3,51492,19,치킨,성동구,16
CUST_892,8,4,61200,19,족발/보쌈,성동구,19
CUST_893,8,5,99760,19,치킨,성동구,15
CUST_894,2,3,46515,18,족발/보쌈,마포구,9
CUST_895,5,4,64468,18,중식,용산구,7
CUST_896,8,3,65697,18,치킨,송파구,14
CUST_897,6,3,62655,18,치킨,성동구,18
CUST_898,6,5,103860,19,족발/보쌈,성동구,29
CUST_899,8,4,70604,19,중식,용산구,13
CUST_900,10,5,106325,19,치킨,성동구,12
CUST_901,6,3,53355,17,족발/보쌈,용산구,22
CUST_902,10,5,108615,18,치킨,성동구,13
CUST_903,1,4,74236,18,치킨,용산구,16
CUST_904,10,3,54066,19,한식,송파구,26
CUST_905,9,5,102550,18,중식,강남구,17
CUST_906,4,4,86780,18,한식,성동구,8
CUST_907,7,4,86492,19,족발/보쌈,강남구,11
CUST_908,7,5,100910,17,중식,성동구,27
CUST_909,1,4,83484,17,치킨,성동구,20
CUST_910,8,4,70068,17,족발/보쌈,용산구,7
CUST_911,2,4,87696,19,치킨,송파구,9
CUST_912,5,3,57297,18,한식,송파구,19
CUST_913,7,5,80600,19,족발/보쌈,마포구,27
CUST_914,1,3,57936,19,중식,송파구,15
CUST_915,1,5,87015,18,중식,성동구,18
CUST_916,6,4,73280,17,족발/보쌈,송파구,17
CUST_917,4,4,81000,17,족발/보쌈,용산구,21
CUST_918,8,3,65223,19,중식,용산구,28
CUST_919,4,4,75032,17,중식,용산구,15
CUST_920,3,5,105715,19,중식,마포구,9
CUST_921,9,3,53133,19,족발/보쌈,마포구,20
CUST_922,1,5,109635,18,치킨,강남구,28
CUST_923,3,4,85324,18,치킨,송파구,22
CUST_924,10,5,86210,18,족발/보쌈,용산구,17
CUST_925,10,3,64329,19,족발/보쌈,용산구,22
CUST_926,10,5,98950,18,중식,성동구,8
CUST_927,4,3,65148,17,족발/보쌈,성동구,17
CUST_928,1,3,55755,17,중식,강남구,24
CUST_929,10,3,53415,19,중식,강남구,11
CUST_930,10,3,55194,19,중식,마포구,22
CUST_931,9,3,65571,18,중식,마포구,9
CUST_932,8,5,99910,19,족발/보쌈,용산구,29
CUST_933,10,4,65276,19,족발/보쌈,마포구,20
CUST_934,7,4,64284,17,한식,송파구,7
CUST_935,6,3,57561,17,중식,송파구,7
CUST_936,5,3,50025,18,치킨,용산구,9
CUST_937,8,5,99525,19,한식,성동구,22
CUST_938,9,4,64716,19,족발/보쌈,송파구,27
CUST_939,4,4,79764,17,치킨,송파구,29
CUST_940,10,4,63352,19,한식,강남구,22
CUST_941,4,4,61580,17,한식,송파구,30
CUST_942,6,3,57399,18,족발/보쌈,마포구,16
CUST_943,5,5,101625,17,한식,송파구,20
CUST_944,3,3,61341,19,치킨,강남구,27
CUST_945,8,3,50466,18,족발/보쌈,성동구,24
CUST_946,2,5,81485,17,한식,강남구,25
CUST_947,7,4,75908,17,족발/보쌈,용산구,21
CUST_948,7,4,67868,18,치킨,마포구,21
CUST_949,6,4,71700,18,치킨,마포구,17
CUST_950,9,3,51147,17,한식,강남구,26
CUST_951,4,5,85240,19,중식,마포구,30
CUST_952,3,3,46239,17,한식,용산구,26
CUST_953,6,5,87905,18,족발/보쌈,송파구,14
CUST_954,3,5,100320,17,한식,송파구,29
CUST_955,2,3,61041,18,족발/보쌈,송파구,18
CUST_956,9,4,81456,18,한식,마포구,17
CUST_957,3,4,60748,19,한식,용산구,15
CUST_958,7,4,64540,18,한식,강남구,19
CUST_959,2,4,83504,18,치킨,마포구,27
CUST_960,5,5,108785,19,한식,마포구,23
CUST_961,2,4,65148,18,치킨,용산구,16
CUST_962,3,5,85440,19,족발/보쌈,용산구,29
CUST_963,3,3,46338,19,치킨,성동구,16
CUST_964,6,4,78572,18,한식,용산구,12
CUST_965,1,3,61383,18,중식,송파구,14
CUST_966,4,5,100395,17,중식,용산구,21
CUST_967,9,3,54195,19,한식,송파구,24
CUST_968,9,5,106395,17,중식,성동구,9
CUST_969,2,5,89670,18,중식,용산구,28
CUST_970,2,5,98850,17,중식,성동구,15
CUST_971,5,4,81520,19,중식,마포구,20
CUST_972,4,4,64728,17,중식,성동구,7
CUST_973,6,4,62376,19,한식,송파구,16
CUST_974,7,5,96555,18,족발/보쌈,용산구,24
CUST_975,8,4,68376,18,중식,강남구,9
CUST_976,6,4,79628,19,치킨,강남구,10
CUST_977,1,4,74792,18,중식,성동구,28
CUST_978,3,4,76056,18,족발/보쌈,마포구,8
CUST_979,1,5,103575,18,족발/보쌈,강남구,29
CUST_980,8,5,78140,18,중식,용산구,29
CUST_981,4,5,95285,19,한식,마포구,29
CUST_982,4,3,61536,17,치킨,강남구,20
CUST_983,5,3,61308,17,한식,강남구,30
CUST_984,3,5,100315,18,치킨,강남구,19
CUST_985,6,4,75772,17,중식,송파구,22
CUST_986,3,4,81220,17,중식,성동구,29
CUST_987,9,3,63684,18,족발/보쌈,용산구,22
CUST_988,1,3,53724,18,중식,용산구,19
CUST_989,8,4,71748,17,한식,강남구,29
CUST_990,7,4,87388,19,중식,용산구,9
CUST_991,10,4,78336,18,치킨,마포구,8
CUST_992,4,4,84452,19,족발/보쌈,용산구,15
CUST_993,6,5,75575,17,치킨,성동구,18
CUST_994,7,3,62094,18,중식,강남구,9
CUST_995,6,3,59424,19,족발/보쌈,용산구,13
CUST_996,6,3,51408,18,족발/보쌈,강남구,23
CUST_997,10,4,72940,17,족발/보쌈,용산구,9
CUST_998,7,3,48570,19,족발/보쌈,성동구,21
CUST_999,7,5,109385,17,중식,성동구,22
CUST_1000,10,5,94730,17,중식,성동구,27
CUST_1001,2,5,83115,18,치킨,성동구,20
CUST_1002,3,3,53538,19,족발/보쌈,용산구,27
CUST_1003,4,4,83220,17,한식,용산구,25
CUST_1004,6,3,63723,17,족발/보쌈,성동구,30
CUST_1005,3,4,68204,19,한식,송파구,7
CUST_1006,5,3,56862,17,한식,용산구,25
CUST_1007,7,3,56988,17,한식,송파구,10
CUST_1008,9,5,108810,19,한식,용산구,14
CUST_1009,1,5,101685,19,치킨,성동구,18
CUST_1010,7,3,64962,19,중식,강남구,20
CUST_1011,1,3,49734,19,족발/보쌈,용산구,13
CUST_1012,4,4,75412,18,중식,마포구,22
CUST_1013,10,4,72828,19,치킨,마포구,12
CUST_1014,5,3,45045,18,중식,강남구,29
CUST_1015,3,3,63294,18,한식,용산구,13
CUST_1016,3,3,63489,18,한식,마포구,23
CUST_1017,5,5,93205,17,족발/보쌈,용산구,13
CUST_1018,4,3,61797,18,중식,마포구,20
CUST_1019,9,3,58683,18,한식,송파구,7
CUST_1020,7,5,75135,17,족발/보쌈,성동구,17
CUST_1021,2,3,61251,17,치킨,성동구,17
CUST_1022,2,5,102220,17,족발/보쌈,강남구,10
CUST_1023,2,5,106215,19,족발/보쌈,용산구,22
CUST_1024,7,3,60666,17,한식,용산구,19
CUST_1025,10,3,54639,17,치킨,마포구,22
CUST_1026,4,5,78015,18,족발/보쌈,송파구,20
CUST_1027,5,5,96110,17,중식,마포구,7
CUST_1028,8,3,61806,19,족발/보쌈,성동구,8
CUST_1029,10,5,102195,17,족발/보쌈,마포구,7
CUST_1030,4,4,71836,19,족발/보쌈,마포구,27
CUST_1031,2,5,105400,17,족발/보쌈,송파구,11
CUST_1032,3,5,89045,17,중식,용산구,29
CUST_1033,2,4,74796,17,중식,성동구,27
CUST_1034,4,3,64986,17,중식,강남구,18
CUST_1035,9,5,93625,19,치킨,강남구,21
CUST_1036,7,3,62226,19,한식,마포구,11
CUST_1037,9,5,86960,18,중식,성동구,9
CUST_1038,10,3,64644,19,중식,성동구,14
CUST_1039,2,3,62523,17,족발/보쌈,마포구,10
CUST_1040,8,5,94120,18,중식,용산구,20
CUST_1041,4,5,78655,18,중식,용산구,30
CUST_1042,8,4,71532,18,한식,용산구,18
CUST_1043,3,5,81820,17,족발/보쌈,용산구,10
CUST_1044,10,5,86010,19,중식,강남구,11
CUST_1045,10,5,85790,17,중식,마포구,13
CUST_1046,8,5,88100,18,중식,용산구,20
CUST_1047,4,3,62739,17,치킨,성동구,24
CUST_1048,6,4,80488,17,치킨,강남구,30
CUST_1049,2,5,98860,19,한식,마포구,26
CUST_1050,8,5,91395,19,중식,성동구,13
CUST_1051,6,3,58866,18,족발/보쌈,성동구,13
CUST_1052,10,3,47874,17,치킨,마포구,9
CUST_1053,1,5,93825,17,족발/보쌈,용산구,19
CUST_1054,6,5,106740,19,한식,송파구,20
CUST_1055,8,5,96750,17,한식,성동구,8
CUST_1056,3,3,45015,17,치킨,강남구,14
CUST_1057,2,5,97490,17,족발/보쌈,강남구,12
CUST_1058,7,5,100305,19,한식,용산구,22
CUST_1059,3,3,55884,18,치킨,강남구,13
CUST_1060,5,3,52254,18,치킨,성동구,14
CUST_1061,8,4,73776,17,치킨,강남구,21
CUST_1062,1,5,100760,18,한식,마포구,19
CUST_1063,5,4,86392,19,중식,송파구,25
CUST_1064,1,4,75672,19,치킨,마포구,15
CUST_1065,10,4,66592,18,치킨,송파구,9
CUST_1066,10,4,83780,18,치킨,강남구,25
CUST_1067,9,4,73948,17,중식,성동구,22
CUST_1068,1,5,102075,18,족발/보쌈,마포구,23
CUST_1069,1,5,80100,17,치킨,송파구,17
CUST_1070,10,3,48357,17,족발/보쌈,송파구,20
CUST_1071,5,3,52770,19,치킨,용산구,23
CUST_1072,10,5,76335,19,한식,마포구,23
CUST_1073,2,4,60460,19,한식,마포구,19
CUST_1074,8,4,79932,19,한식,강남구,8
CUST_1075,1,3,59250,18,한식,강남구,21
CUST_1076,6,5,95740,19,족발/보쌈,마포구,19
CUST_1077,5,5,84490,18,치킨,용산구,16
CUST_1078,10,4,84680,19,족발/보쌈,송파구,25
CUST_1079,5,5,99755,18,한식,강남구,13
CUST_1080,6,5,96755,17,한식,성동구,19
CUST_1081,4,3,57867,18,치킨,송파구,10
CUST_1082,5,3,53604,18,족발/보쌈,송파구,28
CUST_1083,3,5,107475,19,중식,마포구,27
CUST_1084,10,3,47127,18,한식,강남구,13
CUST_1085,1,5,87295,17,중식,성동구,16
CUST_1086,5,5,98650,17,족발/보쌈,강남구,12
CUST_1087,10,5,93365,19,중식,성동구,30
CUST_1088,4,5,102985,17,한식,송파구,14
CUST_1089,8,5,92150,18,치킨,용산구,20
CUST_1090,3,5,90860,17,한식,성동구,25
CUST_1091,5,3,49962,19,중식,강남구,27
CUST_1092,8,5,100060,18,족발/보쌈,성동구,13
CUST_1093,4,4,69508,19,치킨,강남구,23
CUST_1094,7,5,83050,18,한식,송파구,12
CUST_1095,8,5,100535,17,족발/보쌈,강남구,12
CUST_1096,9,4,67940,19,치킨,송파구,7
CUST_1097,5,3,53556,19,치킨,성동구,9
CUST_1098,4,3,50466,18,중식,강남구,9
CUST_1099,1,5,91995,19,치킨,마포구,21
CUST_1100,8,4,87596,18,치킨,용산구,9
CUST_1101,9,5,107040,18,족발/보쌈,성동구,26
CUST_1102,1,3,50595,18,족발/보쌈,송파구,23
CUST_1103,8,4,86336,18,치킨,마포구,8
CUST_1104,3,5,100565,17,중식,송파구,28
CUST_1105,1,3,55263,18,한식,용산구,21
CUST_1106,2,5,94745,19,치킨,성동구,27
CUST_1107,10,4,84888,17,족발/보쌈,용산구,28
CUST_1108,6,4,70604,19,족발/보쌈,용산구,9
CUST_1109,10,4,69232,17,족발/보쌈,용산구,22
CUST_1110,2,5,89885,18,중식,마포구,17
CUST_1111,3,4,71676,17,족발/보쌈,마포구,21
CUST_1112,9,4,82212,17,중식,성동구,11
CUST_1113,7,3,62700,19,중식,성동구,25
CUST_1114,9,5,79605,19,한식,마포구,10
CUST_1115,7,3,52731,18,한식,용산구,14
CUST_1116,2,5,89100,17,족발/보쌈,마포구,21
CUST_1117,7,4,84116,17,치킨,용산구,8
CUST_1118,7,3,61245,17,중식,성동구,7
CUST_1119,4,5,105115,18,족발/보쌈,강남구,25
CUST_1120,6,4,74216,18,족발/보쌈,강남구,12
CUST_1121,7,4,76680,18,치킨,강남구,14
CUST_1122,6,5,105535,18,중식,용산구,13
CUST_1123,9,3,64104,18,족발/보쌈,성동구,11
CUST_1124,6,4,80436,19,족발/보쌈,송파구,15
CUST_1125,6,4,61756,17,중식,강남구,17
CUST_1126,9,5,94270,17,중식,송파구,19
CUST_1127,1,5,97275,17,족발/보쌈,송파구,12
CUST_1128,3,5,105265,17,중식,용산구,9
CUST_1129,9,3,61344,17,치킨,용산구,12
CUST_1130,5,5,93950,17,치킨,용산구,20
CUST_1131,8,3,60546,17,족발/보쌈,강남구,13
CUST_1132,8,5,86430,17,중식,성동구,21
CUST_1133,2,4,77252,19,족발/보쌈,성동구,13
CUST_1134,3,5,81345,17,한식,성동구,15
CUST_1135,4,5,82195,19,한식,송파구,23
CUST_1136,6,4,66076,18,한식,송파구,28
CUST_1137,9,5,78880,17,중식,마포구,15
CUST_1138,2,4,69116,18,중식,성동구,26
CUST_1139,9,4,77652,18,족발/보쌈,송파구,9
CUST_1140,4,3,46257,18,중식,마포구,19
CUST_1141,3,3,49989,19,족발/보쌈,성동구,11
CUST_1142,6,4,66248,18,치킨,마포구,26
CUST_1143,10,4,74636,18,한식,성동구,19
CUST_1144,7,4,63284,18,중식,성동구,25
CUST_1145,2,5,80700,17,치킨,송파구,11
CUST_1146,7,3,57888,17,중식,송파구,24
CUST_1147,7,5,87850,19,치킨,마포구,27
CUST_1148,7,4,74360,19,족발/보쌈,강남구,28
CUST_1149,10,3,45498,17,족발/보쌈,송파구,18
CUST_1150,10,3,57795,19,치킨,마포구,19
CUST_1151,7,5,83740,17,치킨,송파구,9
CUST_1152,1,3,50997,18,치킨,성동구,16
CUST_1153,8,3,47532,18,치킨,송파구,30
CUST_1154,1,3,57633,19,치킨,송파구,13
CUST_1155,1,4,79944,17,치킨,성동구,16
CUST_1156,2,4,78708,17,치킨,강남구,20
CUST_1157,4,4,87956,19,족발/보쌈,강남구,14
CUST_1158,2,3,62529,17,한식,용산구,20
CUST_1159,3,4,74140,18,족발/보쌈,송파구,23
CUST_1160,6,4,87428,19,중식,마포구,9
CUST_1161,6,3,58107,19,중식,용산구,26
CUST_1162,10,3,48999,17,치킨,마포구,9
CUST_1163,9,5,75075,19,한식,마포구,23
CUST_1164,7,3,45894,17,치킨,용산구,30
CUST_1165,1,5,102025,17,한식,송파구,19
CUST_1166,10,4,73724,17,한식,강남구,27
CUST_1167,10,4,68580,17,한식,마포구,13
CUST_1168,3,5,90550,17,한식,마포구,15
CUST_1169,7,3,55233,19,한식,용산구,24
CUST_1170,4,4,75420,18,중식,송파구,9
CUST_1171,3,4,61832,18,치킨,마포구,11
CUST_1172,4,5,98435,19,족발/보쌈,마포구,15
CUST_1173,2,3,56325,19,중식,강남구,27
CUST_1174,3,5,94005,18,한식,성동구,23
CUST_1175,4,3,49149,18,중식,강남구,18
CUST_1176,8,4,74212,18,한식,강남구,15
CUST_1177,4,3,50463,18,중식,강남구,22
CUST_1178,10,4,74912,18,한식,마포구,18
CUST_1179,2,5,108190,17,중식,송파구,25
CUST_1180,10,4,84696,19,족발/보쌈,송파구,12
CUST_1181,9,3,57474,17,한식,강남구,18
CUST_1182,10,3,57507,18,족발/보쌈,마포구,11
CUST_1183,9,4,72860,18,한식,강남구,10
CUST_1184,7,4,79896,18,족발/보쌈,송파구,17
CUST_1185,1,4,84876,17,한식,용산구,30
CUST_1186,5,5,80565,17,족발/보쌈,성동구,9
CUST_1187,4,5,87095,18,족발/보쌈,강남구,14
CUST_1188,3,4,61500,17,족발/보쌈,용산구,15
CUST_1189,4,3,64371,17,치킨,성동구,14
CUST_1190,4,4,61548,18,중식,용산구,27
CUST_1191,4,4,68416,17,치킨,성동구,25
CUST_1192,9,3,65715,19,중식,마포구,30
CUST_1193,1,3,50523,19,한식,성동구,20
CUST_1194,9,3,52065,19,중식,용산구,27
CUST_1195,1,3,59517,19,족발/보쌈,성동구,17
CUST_1196,5,4,61872,18,한식,성동구,22
CUST_1197,1,4,79152,18,한식,마포구,10
CUST_1198,8,3,56466,18,족발/보쌈,송파구,10
CUST_1199,8,5,77125,19,한식,마포구,16
CUST_1200,4,4,78756,19,중식,성동구,10
CUST_1201,8,3,102273,18,일식,마포구,29
CUST_1202,5,2,73134,18,일식,마포구,19
CUST_1203,6,4,171920,20,프리미엄 스테이크,용산구,13
CUST_1204,5,3,166749,20,프리미엄 해산물,성동구,19
CUST_1205,8,3,90480,20,프리미엄 해산물,송파구,14
CUST_1206,1,3,161721,20,프리미엄 해산물,마포구,22
CUST_1207,1,2,69698,18,프리미엄 스테이크,성동구,10
CUST_1208,9,2,88596,20,일식,성동구,13
CUST_1209,3,3,172593,18,양식,성동구,28
CUST_1210,4,2,80062,20,프리미엄 스테이크,성동구,14
CUST_1211,1,2,86354,20,프리미엄 스테이크,송파구,19
CUST_1212,6,3,133365,20,프리미엄 스테이크,송파구,29
CUST_1213,5,3,145113,18,프리미엄 해산물,성동구,8
CUST_1214,2,4,217064,18,양식,용산구,13
CUST_1215,2,3,141435,19,프리미엄 해산물,용산구,17
CUST_1216,9,3,172005,20,양식,강남구,14
CUST_1217,7,2,91946,19,프리미엄 스테이크,마포구,12
CUST_1218,1,4,148860,19,양식,송파구,26
CUST_1219,6,2,99282,18,프리미엄 스테이크,송파구,30
CUST_1220,9,2,94204,18,프리미엄 해산물,마포구,13
CUST_1221,9,4,225616,19,양식,용산구,14
CUST_1222,1,4,233384,20,프리미엄 스테이크,강남구,9
CUST_1223,10,4,226124,18,프리미엄 스테이크,용산구,30
CUST_1224,5,3,122346,20,프리미엄 스테이크,용산구,13
CUST_1225,5,3,93630,20,프리미엄 해산물,성동구,26
CUST_1226,8,4,174656,19,일식,성동구,9
CUST_1227,7,3,170892,19,프리미엄 스테이크,마포구,25
CUST_1228,10,3,112905,19,프리미엄 해산물,용산구,10
CUST_1229,5,4,146288,19,일식,강남구,17
CUST_1230,7,2,119540,18,프리미엄 해산물,성동구,30
CUST_1231,1,2,94004,18,일식,마포구,10
CUST_1232,10,3,132201,19,프리미엄 해산물,마포구,13
CUST_1233,3,3,174096,18,일식,강남구,28
CUST_1234,2,4,179496,19,프리미엄 해산물,용산구,25
CUST_1235,9,3,121482,20,일식,용산구,12
CUST_1236,5,3,114303,20,양식,강남구,10
CUST_1237,6,3,142890,20,일식,용산구,24
CUST_1238,2,3,179742,19,프리미엄 해산물,송파구,19
CUST_1239,3,3,158244,20,프리미엄 스테이크,성동구,9
CUST_1240,2,4,230108,18,양식,송파구,22
CUST_1241,5,4,141572,20,프리미엄 스테이크,성동구,28
CUST_1242,7,4,235236,20,일식,강남구,27
CUST_1243,6,2,107122,20,프리미엄 스테이크,성동구,17
CUST_1244,4,2,90486,18,프리미엄 스테이크,강남구,29
CUST_1245,7,2,89866,19,프리미엄 스테이크,송파구,10
CUST_1246,7,3,145587,18,프리미엄 스테이크,용산구,7
CUST_1247,10,2,88520,19,프리미엄 해산물,마포구,15
CUST_1248,5,3,163701,19,일식,강남구,7
CUST_1249,5,4,216236,20,일식,강남구,21
CUST_1250,3,3,94437,19,프리미엄 스테이크,송파구,10
CUST_1251,5,4,175416,18,일식,강남구,21
CUST_1252,7,2,98292,18,프리미엄 해산물,성동구,30
CUST_1253,9,2,108036,19,양식,성동구,28
CUST_1254,5,4,223812,20,프리미엄 스테이크,송파구,21
CUST_1255,5,4,155044,20,양식,성동구,29
CUST_1256,10,4,227848,18,프리미엄 해산물,송파구,18
CUST_1257,8,4,198192,20,일식,송파구,20
CUST_1258,6,4,228004,19,프리미엄 해산물,마포구,21
CUST_1259,8,4,238136,19,프리미엄 스테이크,성동구,29
CUST_1260,2,4,183480,18,양식,강남구,29
CUST_1261,3,2,98466,19,프리미엄 스테이크,마포구,27
CUST_1262,8,3,158142,18,일식,용산구,10
CUST_1263,7,2,106838,19,프리미엄 스테이크,강남구,27
CUST_1264,4,3,118455,18,일식,강남구,15
CUST_1265,7,2,82950,20,일식,강남구,8
CUST_1266,2,2,73170,19,프리미엄 스테이크,용산구,28
CUST_1267,6,3,135696,19,프리미엄 해산물,송파구,22
CUST_1268,3,3,100860,18,일식,용산구,25
CUST_1269,7,2,88774,18,프리미엄 해산물,송파구,30
CUST_1270,5,2,86898,19,프리미엄 스테이크,송파구,29
CUST_1271,10,2,97320,18,프리미엄 해산물,강남구,29
CUST_1272,9,2,93536,19,프리미엄 스테이크,강남구,22
CUST_1273,3,3,129087,20,프리미엄 해산물,송파구,21
CUST_1274,6,2,108380,18,일식,마포구,14
CUST_1275,4,3,152946,19,일식,성동구,9
CUST_1276,7,4,160496,20,프리미엄 스테이크,마포구,22
CUST_1277,1,3,131142,20,양식,마포구,19
CUST_1278,1,4,140652,19,프리미엄 해산물,송파구,20
CUST_1279,2,3,158193,18,일식,마포구,29
CUST_1280,3,2,103458,19,프리미엄 스테이크,용산구,9
CUST_1281,10,3,92901,20,양식,용산구,14
CUST_1282,1,2,70140,19,일식,용산구,19
CUST_1283,6,3,129906,18,프리미엄 해산물,마포구,27
CUST_1284,3,3,113031,20,일식,마포구,12
CUST_1285,7,4,233040,19,일식,성동구,15
CUST_1286,3,3,111987,18,양식,성동구,30
CUST_1287,9,2,90562,20,프리미엄 해산물,강남구,18
CUST_1288,1,2,94032,18,일식,마포구,21
CUST_1289,4,2,67584,20,양식,용산구,21
CUST_1290,6,3,125082,19,프리미엄 해산물,마포구,11
CUST_1291,2,2,80662,18,프리미엄 해산물,강남구,21
CUST_1292,6,4,165584,20,일식,용산구,7
CUST_1293,6,2,100822,18,프리미엄 스테이크,강남구,24
CUST_1294,5,4,184580,18,프리미엄 해산물,마포구,9
CUST_1295,10,2,82522,19,양식,성동구,29
CUST_1296,6,4,142716,18,프리미엄 해산물,성동구,19
CUST_1297,6,3,114231,20,양식,용산구,7
CUST_1298,3,3,153714,20,일식,마포구,28
CUST_1299,2,2,83998,20,프리미엄 스테이크,용산구,25
CUST_1300,2,4,167608,20,프리미엄 해산물,성동구,13
CUST_1301,10,4,152828,19,프리미엄 해산물,마포구,13
CUST_1302,4,2,89774,18,일식,마포구,15
CUST_1303,1,4,204720,19,프리미엄 스테이크,강남구,26
CUST_1304,3,3,157605,18,프리미엄 해산물,강남구,13
CUST_1305,2,3,165033,18,프리미엄 스테이크,용산구,15
CUST_1306,3,2,80960,18,프리미엄 해산물,용산구,17
CUST_1307,3,2,113240,19,양식,송파구,28
CUST_1308,9,3,93846,18,프리미엄 스테이크,강남구,7
CUST_1309,2,3,141906,19,일식,송파구,25
CUST_1310,9,2,100332,20,프리미엄 해산물,성동구,15
CUST_1311,5,4,198784,20,일식,송파구,21
CUST_1312,2,4,207296,18,프리미엄 스테이크,송파구,19
CUST_1313,10,3,164127,19,일식,송파구,7
CUST_1314,1,4,231628,20,일식,마포구,23
CUST_1315,9,3,173829,19,일식,강남구,24
CUST_1316,4,3,91578,19,일식,송파구,16
CUST_1317,9,3,93276,18,일식,강남구,29
CUST_1318,4,3,127026,20,일식,마포구,27
CUST_1319,1,4,197368,18,프리미엄 해산물,송파구,10
CUST_1320,7,2,66370,18,양식,용산구,25
CUST_1321,3,3,92166,20,프리미엄 스테이크,강남구,12
CUST_1322,7,3,134040,20,프리미엄 스테이크,마포구,11
CUST_1323,6,2,106244,19,일식,성동구,23
CUST_1324,3,3,166413,20,양식,강남구,21
CUST_1325,9,4,186748,19,프리미엄 스테이크,마포구,25
CUST_1326,3,4,129808,19,프리미엄 스테이크,용산구,7
CUST_1327,4,2,76036,19,양식,강남구,30
CUST_1328,6,4,176716,20,프리미엄 스테이크,용산구,28
CUST_1329,2,3,160329,18,프리미엄 스테이크,용산구,19
CUST_1330,9,3,173619,19,프리미엄 스테이크,강남구,13
CUST_1331,10,3,146493,18,일식,마포구,8
CUST_1332,10,2,92852,18,프리미엄 스테이크,용산구,16
CUST_1333,6,3,116607,20,일식,강남구,23
CUST_1334,10,2,117384,18,프리미엄 해산물,마포구,13
CUST_1335,4,2,115510,18,양식,강남구,22
CUST_1336,9,3,177819,20,양식,용산구,19
CUST_1337,7,2,72212,19,프리미엄 스테이크,강남구,13
CUST_1338,5,3,138168,18,프리미엄 스테이크,마포구,24
CUST_1339,1,2,93028,20,프리미엄 해산물,마포구,23
CUST_1340,5,4,152164,18,양식,강남구,23
CUST_1341,5,3,116667,18,양식,송파구,28
CUST_1342,6,4,189520,19,프리미엄 해산물,성동구,24
CUST_1343,1,4,142540,18,일식,용산구,26
CUST_1344,10,3,127443,20,프리미엄 해산물,송파구,12
CUST_1345,10,4,239976,18,프리미엄 스테이크,용산구,11
CUST_1346,3,3,157665,19,프리미엄 해산물,송파구,14
CUST_1347,2,4,150924,19,프리미엄 해산물,송파구,22
CUST_1348,5,2,119360,20,프리미엄 스테이크,강남구,24
CUST_1349,10,4,216928,19,양식,마포구,17
CUST_1350,1,4,227632,18,프리미엄 해산물,송파구,11
CUST_1351,8,2,116418,19,일식,용산구,9
CUST_1352,10,3,102774,20,일식,마포구,18
CUST_1353,7,2,109078,19,일식,성동구,16
CUST_1354,6,3,111942,19,프리미엄 스테이크,송파구,15
CUST_1355,4,4,156944,19,일식,성동구,9
CUST_1356,3,4,148436,20,일식,송파구,30
CUST_1357,7,4,176516,19,일식,용산구,25
CUST_1358,8,3,131487,19,일식,마포구,22
CUST_1359,3,4,203196,18,프리미엄 해산물,강남구,29
CUST_1360,1,2,103376,20,일식,마포구,7
CUST_1361,4,4,152808,19,양식,용산구,24
CUST_1362,2,3,91752,20,양식,성동구,21
CUST_1363,10,4,182348,19,프리미엄 해산물,마포구,27
CUST_1364,5,2,116784,19,양식,송파구,11
CUST_1365,4,2,98762,19,프리미엄 스테이크,성동구,11
CUST_1366,6,3,102597,18,양식,용산구,22
CUST_1367,8,2,89882,18,프리미엄 해산물,마포구,18
CUST_1368,1,4,164440,18,프리미엄 해산물,송파구,10
CUST_1369,2,2,66110,20,프리미엄 스테이크,마포구,23
CUST_1370,4,3,93423,20,프리미엄 스테이크,용산구,13
CUST_1371,7,4,228408,18,양식,성동구,22
CUST_1372,1,2,113170,20,프리미엄 스테이크,마포구,21
CUST_1373,10,4,202028,19,프리미엄 스테이크,성동구,14
CUST_1374,10,4,185924,19,프리미엄 스테이크,마포구,21
CUST_1375,7,2,117700,19,프리미엄 해산물,성동구,29
CUST_1376,3,4,197296,18,양식,성동구,17
CUST_1377,1,2,102284,20,양식,송파구,17
CUST_1378,7,3,97983,18,프리미엄 스테이크,용산구,25
CUST_1379,8,3,163347,20,프리미엄 스테이크,용산구,23
CUST_1380,10,4,219836,19,일식,성동구,20
CUST_1381,2,4,174296,18,양식,송파구,25
CUST_1382,5,4,214192,20,프리미엄 스테이크,마포구,25
CUST_1383,2,4,128472,20,양식,성동구,17
CUST_1384,6,2,75050,19,프리미엄 해산물,강남구,9
CUST_1385,8,3,111012,18,프리미엄 스테이크,용산구,25
CUST_1386,4,2,86280,18,프리미엄 해산물,성동구,25
CUST_1387,10,3,118710,18,프리미엄 해산물,성동구,22
CUST_1388,8,4,131256,19,프리미엄 해산물,성동구,27
CUST_1389,1,2,61332,18,양식,성동구,29
CUST_1390,1,2,111706,19,일식,강남구,30
CUST_1391,7,2,93070,19,프리미엄 스테이크,용산구,26
CUST_1392,6,3,107910,19,일식,강남구,17
CUST_1393,6,3,147621,20,프리미엄 해산물,강남구,15
CUST_1394,7,4,211656,18,일식,용산구,10
CUST_1395,1,4,187008,18,일식,강남구,29
CUST_1396,9,4,166272,19,프리미엄 스테이크,용산구,12
CUST_1397,3,2,103184,19,프리미엄 스테이크,용산구,28
CUST_1398,10,4,210736,18,프리미엄 스테이크,용산구,20
CUST_1399,3,4,206404,19,프리미엄 스테이크,성동구,16
CUST_1400,2,2,82630,18,양식,용산구,10
CUST_1401,6,2,108688,20,프리미엄 해산물,강남구,12
CUST_1402,4,3,110217,19,양식,마포구,14
CUST_1403,8,3,126681,18,프리미엄 해산물,용산구,22
CUST_1404,3,2,76428,19,프리미엄 해산물,용산구,17
CUST_1405,4,3,94725,18,프리미엄 해산물,강남구,7
CUST_1406,10,4,204808,18,프리미엄 스테이크,용산구,26
CUST_1407,8,3,90099,19,일식,용산구,9
CUST_1408,7,4,123908,20,양식,강남구,28
CUST_1409,5,3,172806,18,일식,용산구,19
CUST_1410,8,4,220000,18,프리미엄 해산물,마포구,22
CUST_1411,8,4,131808,18,양식,강남구,12
CUST_1412,7,2,84132,20,프리미엄 스테이크,용산구,23
CUST_1413,4,4,126608,20,양식,송파구,18
CUST_1414,10,3,173319,19,양식,마포구,29
CUST_1415,9,3,122037,20,양식,용산구,30
CUST_1416,6,3,110337,19,프리미엄 해산물,강남구,22
CUST_1417,8,4,127256,19,일식,송파구,23
CUST_1418,5,4,198036,20,양식,용산구,19
CUST_1419,2,4,174420,19,프리미엄 스테이크,송파구,28
CUST_1420,10,2,77058,20,프리미엄 해산물,성동구,13
CUST_1421,2,4,151000,19,프리미엄 해산물,성동구,19
CUST_1422,7,3,122808,20,양식,마포구,15
CUST_1423,1,4,233700,20,양식,성동구,17
CUST_1424,6,4,199316,19,일식,용산구,19
CUST_1425,7,2,64040,18,양식,송파구,19
CUST_1426,1,4,135480,19,양식,마포구,28
CUST_1427,1,3,115458,20,일식,용산구,23
CUST_1428,1,4,226144,18,프리미엄 해산물,마포구,23
CUST_1429,6,2,73400,19,일식,송파구,29
CUST_1430,4,4,202808,19,프리미엄 해산물,성동구,20
CUST_1431,3,2,91636,19,프리미엄 스테이크,성동구,17
CUST_1432,8,3,135297,18,프리미엄 해산물,강남구,17
CUST_1433,10,3,140805,20,프리미엄 스테이크,성동구,29
CUST_1434,3,3,98763,19,일식,성동구,26
CUST_1435,10,4,220344,19,프리미엄 해산물,강남구,17
CUST_1436,3,4,191968,19,프리미엄 스테이크,용산구,7
CUST_1437,10,4,136684,19,일식,송파구,13
CUST_1438,7,2,68432,19,일식,성동구,25
CUST_1439,5,3,170154,20,양식,용산구,7
CUST_1440,7,2,76364,20,양식,성동구,24
CUST_1441,8,2,83572,19,프리미엄 스테이크,용산구,9
CUST_1442,2,4,199628,18,양식,성동구,15
CUST_1443,6,4,201972,20,양식,강남구,30
CUST_1444,2,3,164010,18,프리미엄 스테이크,용산구,20
CUST_1445,10,3,144849,20,프리미엄 스테이크,송파구,11
CUST_1446,6,4,168312,19,양식,송파구,29
CUST_1447,1,4,184256,20,프리미엄 스테이크,용산구,13
CUST_1448,3,4,139836,19,일식,성동구,29
CUST_1449,4,4,149200,20,양식,마포구,11
CUST_1450,8,4,200276,19,프리미엄 해산물,강남구,18
CUST_1451,10,3,168921,19,양식,용산구,16
CUST_1452,9,2,86904,19,프리미엄 해산물,마포구,30
CUST_1453,5,3,130536,19,프리미엄 해산물,마포구,17
CUST_1454,3,3,157284,18,일식,성동구,14
CUST_1455,9,2,68054,19,일식,마포구,30
CUST_1456,1,4,191608,18,일식,성동구,22
CUST_1457,5,3,162747,18,프리미엄 스테이크,마포구,7
CUST_1458,1,4,134560,19,프리미엄 스테이크,마포구,23
CUST_1459,9,2,60098,18,일식,성동구,28
CUST_1460,8,3,148443,20,프리미엄 해산물,마포구,15
CUST_1461,10,3,97803,19,프리미엄 해산물,송파구,21
CUST_1462,7,3,109056,18,프리미엄 해산물,마포구,19
CUST_1463,4,2,74368,19,프리미엄 스테이크,마포구,21
CUST_1464,10,3,163113,19,프리미엄 해산물,용산구,14
CUST_1465,3,3,146736,19,양식,송파구,29
CUST_1466,2,2,92898,18,프리미엄 해산물,성동구,9
CUST_1467,4,2,71882,20,프리미엄 스테이크,용산구,16
CUST_1468,8,4,236136,20,양식,송파구,16
CUST_1469,3,2,81176,18,프리미엄 스테이크,강남구,26
CUST_1470,1,2,80938,19,프리미엄 스테이크,마포구,22
CUST_1471,10,3,92595,18,양식,용산구,27
CUST_1472,2,2,99004,18,프리미엄 해산물,마포구,18
CUST_1473,7,3,113223,18,프리미엄 해산물,용산구,7
CUST_1474,10,4,135052,19,프리미엄 스테이크,성동구,9
CUST_1475,4,3,137646,18,프리미엄 해산물,용산구,20
CUST_1476,8,2,100238,19,프리미엄 스테이크,성동구,23
CUST_1477,5,4,179032,18,프리미엄 스테이크,성동구,30
CUST_1478,6,4,234304,20,프리미엄 스테이크,용산구,10
CUST_1479,10,2,112414,18,양식,성동구,15
CUST_1480,10,3,167919,18,프리미엄 스테이크,용산구,9
CUST_1481,10,2,115328,20,프리미엄 해산물,마포구,12
CUST_1482,8,3,114669,19,프리미엄 스테이크,용산구,22
CUST_1483,3,2,88742,19,프리미엄 스테이크,강남구,11
CUST_1484,9,4,155932,18,양식,용산구,21
CUST_1485,2,3,178713,20,프리미엄 스테이크,성동구,9
CUST_1486,8,3,126696,19,프리미엄 해산물,성동구,28
CUST_1487,3,2,107872,18,양식,성동구,8
CUST_1488,10,2,81212,20,일식,강남구,17
CUST_1489,2,3,162687,19,프리미엄 스테이크,용산구,14
CUST_1490,6,3,144117,19,프리미엄 해산물,마포구,8
CUST_1491,2,4,194352,20,프리미엄 스테이크,성동구,14
CUST_1492,5,3,108174,20,프리미엄 스테이크,용산구,11
CUST_1493,4,2,68828,20,프리미엄 해산물,성동구,14
CUST_1494,7,2,110774,20,양식,마포구,14
CUST_1495,4,3,176238,18,양식,마포구,26
CUST_1496,10,3,179145,20,프리미엄 해산물,성동구,7
CUST_1497,3,2,93014,19,프리미엄 해산물,강남구,26
CUST_1498,8,2,94428,19,프리미엄 해산물,성동구,22
CUST_1499,9,4,181692,18,프리미엄 스테이크,성동구,11
CUST_1500,7,2,90478,19,프리미엄 해산물,송파구,8
CUST_1501,10,3,111576,19,프리미엄 해산물,성동구,30
CUST_1502,7,3,173118,20,양식,용산구,7
CUST_1503,8,4,194628,19,프리미엄 해산물,성동구,17
CUST_1504,1,2,111836,18,프리미엄 스테이크,마포구,15
CUST_1505,8,4,126076,20,프리미엄 스테이크,송파구,26
CUST_1506,1,2,99962,20,프리미엄 해산물,강남구,7
CUST_1507,3,4,150316,18,프리미엄 해산물,송파구,19
CUST_1508,9,2,89402,20,프리미엄 스테이크,송파구,18
CUST_1509,1,3,113355,20,프리미엄 스테이크,마포구,26
CUST_1510,6,4,130276,18,프리미엄 스테이크,용산구,22
CUST_1511,8,2,90068,20,일식,마포구,13
CUST_1512,6,2,78216,18,프리미엄 해산물,성동구,9
CUST_1513,9,4,124492,18,프리미엄 해산물,성동구,16
CUST_1514,6,3,122373,19,일식,송파구,29
CUST_1515,7,3,109245,19,일식,마포구,26
CUST_1516,9,2,88664,20,프리미엄 해산물,송파구,26
CUST_1517,8,2,110424,20,프리미엄 스테이크,강남구,18
CUST_1518,1,2,115840,18,일식,용산구,26
CUST_1519,2,3,107859,20,프리미엄 해산물,송파구,24
CUST_1520,9,3,128154,18,일식,송파구,24
CUST_1521,3,2,114260,18,프리미엄 해산물,용산구,23
CUST_1522,10,2,89476,20,프리미엄 스테이크,성동구,11
CUST_1523,10,3,161274,18,일식,송파구,16
CUST_1524,2,2,91006,19,일식,용산구,14
CUST_1525,4,3,157680,20,일식,성동구,8
CUST_1526,1,4,148276,19,프리미엄 스테이크,용산구,24
CUST_1527,4,4,185776,20,프리미엄 스테이크,용산구,23
CUST_1528,3,3,133551,18,일식,송파구,24
CUST_1529,7,3,123027,20,프리미엄 해산물,강남구,19
CUST_1530,6,3,126507,19,프리미엄 해산물,성동구,18
CUST_1531,6,2,108168,18,프리미엄 해산물,마포구,10
CUST_1532,8,3,163239,20,일식,용산구,28
CUST_1533,5,3,91173,20,양식,강남구,12
CUST_1534,9,4,228144,20,프리미엄 스테이크,성동구,30
CUST_1535,9,2,101168,19,일식,마포구,17
CUST_1536,6,2,73842,19,프리미엄 해산물,용산구,23
CUST_1537,8,3,167088,20,프리미엄 스테이크,송파구,8
CUST_1538,2,2,78882,18,일식,강남구,16
CUST_1539,8,3,95826,18,일식,마포구,25
CUST_1540,7,2,86612,19,양식,강남구,23
CUST_1541,2,3,165351,18,일식,강남구,17
CUST_1542,7,4,170120,19,프리미엄 스테이크,강남구,14
CUST_1543,5,2,106178,20,프리미엄 스테이크,용산구,28
CUST_1544,1,2,62758,19,프리미엄 스테이크,마포구,17
CUST_1545,9,2,101990,19,프리미엄 스테이크,성동구,11
CUST_1546,1,4,182592,20,양식,용산구,25
CUST_1547,5,4,170384,18,일식,성동구,16
CUST_1548,6,3,132966,19,양식,성동구,8
CUST_1549,4,4,171608,19,양식,성동구,13
CUST_1550,3,3,137895,20,프리미엄 해산물,송파구,16
CUST_1551,9,3,165813,18,프리미엄 스테이크,강남구,22
CUST_1552,4,4,215620,19,일식,송파구,18
CUST_1553,3,3,175638,20,일식,마포구,15
CUST_1554,4,3,159042,19,프리미엄 해산물,성동구,8
CUST_1555,5,4,124568,20,일식,마포구,13
CUST_1556,9,3,158955,18,일식,성동구,30
CUST_1557,3,3,152124,18,프리미엄 해산물,마포구,10
CUST_1558,10,2,105050,18,프리미엄 스테이크,용산구,10
CUST_1559,10,2,97002,18,프리미엄 해산물,성동구,21
CUST_1560,1,2,92624,19,양식,성동구,23
CUST_1561,9,3,129939,19,일식,성동구,10
CUST_1562,9,2,75060,18,양식,마포구,19
CUST_1563,9,4,143672,18,일식,강남구,18
CUST_1564,5,2,84970,18,일식,마포구,15
CUST_1565,6,3,105084,19,프리미엄 해산물,용산구,14
CUST_1566,6,2,116758,18,일식,송파구,20
CUST_1567,7,2,88924,18,일식,성동구,23
CUST_1568,3,3,106929,18,프리미엄 해산물,성동구,18
CUST_1569,10,4,203736,20,프리미엄 해산물,마포구,22
CUST_1570,9,3,93648,18,프리미엄 스테이크,강남구,27
CUST_1571,4,2,90554,20,프리미엄 해산물,송파구,9
CUST_1572,7,3,99243,20,프리미엄 스테이크,강남구,15
CUST_1573,2,3,171294,18,양식,마포구,15
CUST_1574,7,2,118762,20,프리미엄 해산물,마포구,8
CUST_1575,2,3,165306,18,프리미엄 스테이크,마포구,12
CUST_1576,6,3,117909,19,프리미엄 해산물,성동구,30
CUST_1577,7,4,238348,19,양식,성동구,16
CUST_1578,10,3,98484,19,프리미엄 스테이크,강남구,14
CUST_1579,5,4,125836,19,프리미엄 해산물,성동구,23
CUST_1580,1,3,103272,20,프리미엄 해산물,성동구,13
CUST_1581,10,3,114234,18,양식,용산구,17
CUST_1582,3,3,178368,18,양식,용산구,28
CUST_1583,8,2,106204,18,프리미엄 해산물,마포구,28
CUST_1584,5,3,132915,19,일식,마포구,7
CUST_1585,2,3,158202,19,양식,송파구,18
CUST_1586,6,3,105228,18,양식,마포구,17
CUST_1587,4,2,96502,19,프리미엄 해산물,송파구,20
CUST_1588,9,2,73618,18,양식,마포구,10
CUST_1589,1,3,97116,18,프리미엄 스테이크,성동구,28
CUST_1590,6,3,103026,18,프리미엄 스테이크,송파구,22
CUST_1591,7,2,84102,18,프리미엄 스테이크,성동구,23
CUST_1592,5,4,238584,18,일식,성동구,12
CUST_1593,8,3,105369,18,일식,강남구,11
CUST_1594,5,2,73468,18,프리미엄 해산물,강남구,29
CUST_1595,4,4,201040,19,양식,용산구,23
CUST_1596,4,4,222628,18,일식,송파구,20
CUST_1597,4,2,89576,18,프리미엄 해산물,송파구,11
CUST_1598,8,2,89414,19,프리미엄 해산물,용산구,21
CUST_1599,10,3,176712,19,프리미엄 스테이크,마포구,23
CUST_1600,5,4,203172,19,일식,용산구,24
